powerStation,state,postcode,MWCapacity,fuelSource,Accreditation start date,Approval date,inSheet,Committed Date (Month/Year)
DONS FORT - SOLAR W SGU - QLD,QLD,4660.0,0.4209,Solar,2025-10-21,2026-01-06,Approved,
Mintus Coles - Solar w SGU- NSW,NSW,2153.0,0.1903,Solar,2025-12-09,2026-01-06,Approved,
Ventora - Acacia Ridge - Solar - QLD,QLD,4110.0,0.1624,Solar,2025-11-17,2026-01-06,Approved,
Bayside Aged Care - Solar - Morisset - NSW,NSW,2264.0,0.1397,Solar,2025-12-16,2026-01-08,Approved,
Matrix Composites and Engineering Pty Ltd - Solar - WA,WA,6166.0,0.8496,Solar,2025-12-17,2026-01-08,Approved,
Accensi Narangba - Solar - QLD,QLD,4504.0,0.1994,Solar,2025-11-24,2026-01-09,Approved,
Bunge Port Giles - Solar - SA,SA,5583.0,0.4779,Solar,2025-12-11,2026-01-16,Approved,
HBF Stadium Carpark 4 PV System - Solar w SGU - WA,WA,6010.0,0.2585,Solar,2025-09-10,2026-01-16,Approved,
Stockland M-park Building C - Solar - NSW,NSW,2113.0,0.1251,Solar,2025-11-06,2026-01-16,Approved,
Waverley Gardens - Solar w SGU - VIC,VIC,3170.0,0.5207,Solar,2025-10-03,2026-01-20,Approved,
The Barracks - Solar w SGU - QLD,QLD,4000.0,0.3021,Solar,2025-11-21,2026-01-21,Approved,
Altona Stage 1 & BESS - Solar - Vic,VIC,3018.0,1.1788,Solar,2025-12-12,2026-01-22,Approved,
Tabbita-Solar-NSW,NSW,2652.0,7.1568,Solar,2025-11-07,2026-01-22,Approved,
CLV GUV Village - Solar w SGU - QLD,QLD,4215.0,0.2475,Solar,2025-09-16,2026-01-23,Approved,
BAULKHAM HILLS - SOLAR W SGU - NSW,NSW,2153.0,0.2275,Solar,2025-10-16,2026-01-27,Approved,
RAAFA (ARK) - Solar - WA,WA,6149.0,0.2999,Solar,2025-08-25,2026-01-27,Approved,
CHARTER HALL-CL3030 DRYSTONE-SOLAR-VIC,VIC,3029.0,0.223,Solar,2025-11-26,2026-01-29,Approved,
Leppington BP 3 & BESS - Solar w SGU - NSW,NSW,2179.0,0.7834,Solar,2025-10-03,2026-01-29,Approved,
Woolworths CFC Adelaide 8849 - Solar - SA,SA,5035.0,0.3297,Solar,2025-12-10,2026-01-29,Approved,
Yumbah Aquaculture Ltd - Solar - SA,SA,5223.0,0.7524,Solar,2026-01-16,2026-01-29,Approved,
40 Cameron Ave - Solar - ACT,ACT,2617.0,0.1848,Solar,2025-12-12,2026-02-11,Approved,
BC Westcourt - Solar - QLD,QLD,4870.0,0.1999,Solar,2026-01-23,2026-02-11,Approved,
Bunnings Carseldine - Solar - QLD,QLD,4036.0,0.3801,Solar,2026-02-04,2026-02-11,Approved,
Goodman AU744 Lawrence & Hanson - Solar - VIC,VIC,3194.0,0.101,Solar,2025-11-20,2026-02-11,Approved,
Porsche Centre Parramatta - Solar - NSW,NSW,2142.0,0.0396,Solar,2025-11-04,2026-02-11,Approved,
UA Aldergate Village - Solar - TAS,TAS,7248.0,0.4788,Solar,2026-01-16,2026-02-11,Approved,
BC Parkinson - Solar w SGU - QLD,QLD,4115.0,0.166,Solar,2025-11-27,2026-02-19,Approved,
BC Sunnybank Hills - Solar - QLD,QLD,4109.0,0.0489,Solar,2025-12-12,2026-02-19,Approved,
Martin Brower North Brisbane - Solar -QLD,QLD,4008.0,0.526,Solar,2025-08-07,2026-02-19,Approved,
Real Juice - Solar WSGU - NSW,NSW,2680.0,0.4898,Solar,2025-10-08,2026-02-19,Approved,
Shellharbour Retail Centre & BESS - Solar - NSW,NSW,2529.0,0.4385,Solar,2026-02-06,2026-02-20,Approved,
BC Murrumba Downs - Solar - QLD,QLD,4503.0,0.0127,Solar,2025-12-08,2026-02-24,Approved,
CleanPeak Energy - 8 Acacia Place - Solar - VIC,VIC,3168.0,0.308,Solar,2025-12-19,2026-02-24,Approved,
Glen Innes-Solar-NSW,NSW,2370.0,6.9944,Solar,2025-12-24,2026-02-25,Approved,
"Tweed City Shopping Centre, Tweed Heads South - Solar - NSW",NSW,2486.0,1.9028,Solar,2026-01-19,2026-02-25,Approved,
BC Bundaberg - Solar - QLD,QLD,4670.0,0.0657,Solar,2025-12-08,2026-02-26,Approved,
Leppington BP 1 & BESS - Solar - NSW,NSW,2179.0,0.7315,Solar,2025-10-03,2026-03-04,Approved,
Summergold - Wind w SGU- WA,WA,6507.0,1.9728,Wind,2026-02-01,2026-03-04,Approved,
Sunshine Coast Airport - Solar - QLD,QLD,4564.0,0.1902,Solar,2026-01-23,2026-03-04,Approved,
Bundaberg Solar Farm - Solar - QLD,QLD,4671.0,96.0537,Solar,2026-01-15,2026-03-05,Approved,
Golden Plains Wind Farm West - Wind - Vic,VIC,3352.0,576.6,Wind,2026-01-28,2026-03-05,Approved,
Laucke Mills - Solar - SA,SA,5355.0,1.311,Solar,2025-10-16,2026-03-11,Approved,
AU923 Redbank Weedman Street - Solar W SGU - QLD,QLD,4301.0,0.3748,Solar,2026-02-20,2026-03-16,Approved,
Ingleburn Logistics Park WH1 & BESS - Solar - NSW,NSW,2565.0,0.7304,Solar,2026-02-23,2026-03-16,Approved,
Romsey Community Aged Care - Solar w SGU - VIC,VIC,3434.0,0.1998,Solar,2026-03-11,2026-03-16,Approved,
ALBION PARK - Solar w SGU - NSW,NSW,2527.0,0.2223,Solar,2026-01-29,2026-03-20,Approved,
Australian Stockman's Hall of Fame - Solar w SGU - QLD,QLD,4730.0,0.3906,Solar,2026-02-11,2026-03-20,Approved,
Broadsound Solar Farm Pty Ltd-Solar-QLD,QLD,4705.0,377.4347,Solar,2025-12-13,2026-03-20,Approved,
Bunnings Frenchs Forest - Solar - NSW,NSW,2086.0,0.4805,Solar,2025-12-10,2026-03-20,Approved,
Homeco Coomera City Centre - Solar w SGU - QLD,QLD,4209.0,0.45,Solar,2026-03-12,2026-03-20,Approved,
Central Plaza - Solar w SGU - SA,SA,5000.0,0.22,Solar,2025-12-12,2026-03-23,Approved,
HomeCo Mackay A - Solar - QLD,QLD,4740.0,0.3502,Solar,2026-03-12,2026-03-23,Approved,
Woolworths Sarina 2518 - Solar - QLD,QLD,4737.0,0.2006,Solar,2026-03-11,2026-03-23,Approved,
Agright Griffith Carrathool - Solar - NSW,NSW,2711.0,0.472,Solar,2025-11-11,2026-03-27,Approved,
HomeCo Mackay B - Solar w SGU - QLD,QLD,4740.0,0.2306,Solar,2026-03-23,2026-03-27,Approved,
Woolworths Calderwood Village Centre 1051 - Solar - NSW,NSW,2527.0,0.2418,Solar,2026-03-24,2026-03-31,Approved,
Woolworths Lisarow 1574 - Solar w SGU - NSW,NSW,2250.0,0.2694,Solar,2026-03-16,2026-03-31,Approved,
BC Bongaree - Solar w SGU - QLD,QLD,4507.0,0.1388,Solar,2025-12-12,2026-04-09,Approved,
La Salle College PV System - Solar - WA,WA,6056.0,0.1993,Solar,2026-03-24,2026-04-09,Approved,
Midkin Solar Farm - Solar - NSW,NSW,2400.0,5.301,Solar,2025-09-05,2026-04-09,Approved,
Monarto Energy Project - Solar - SA,SA,5254.0,6.6886,Solar,2026-01-22,2026-04-09,Approved,
Westfield Chatswood and Dougherty Centre - Solar - NSW,NSW,2067.0,0.1352,Solar,2025-11-07,2026-04-09,Approved,
Conga foods Yennora - solar w SGU - NSW,NSW,2161.0,0.8782,Solar,2026-03-11,2026-04-13,Approved,
Fletcher Dandenong - Solar - VIC,VIC,3175.0,0.5428,Solar,2026-03-24,2026-04-13,Approved,
Uniting Starrett Lodge - Solar w SGU - NSW,NSW,2259.0,0.1955,Solar,2026-04-02,2026-04-13,Approved,
Woolworths Doolandella 2938 - Solar - QLD,QLD,4077.0,0.2438,Solar,2026-03-31,2026-04-13,Approved,
AU866 Translink - Solar w SGU - NSW,NSW,2019.0,0.1996,Solar,2026-04-01,2026-04-24,Approved,
The Gables Retail Centre & BESS - Solar w SGU - NSW,NSW,2765.0,0.5374,Solar,2026-02-23,2026-05-07,Approved,
Willawong Warehouse 1 & BESS - Solar - QLD,QLD,4110.0,0.5841,Solar,2026-04-15,2026-05-07,Approved,
AU470 Airgate - WW Solar w SGU - NSW,NSW,2020.0,0.2,Solar,2026-04-01,2026-05-12,Approved,
Costa Monarto - Solar - SA,SA,5254.0,1.1865,Solar,2026-01-19,2026-05-12,Approved,
Exmouth-Solar-WA,WA,6707.0,9.8522,Solar,2026-03-20,2026-05-12,Approved,
Fletcher Building Wendouree - Solar - VIC,VIC,3355.0,1.2001,Solar,2026-03-24,2026-05-12,Approved,
Agile Energy - Holcim Rockhampton - Solar w SGU - QLD,QLD,4701.0,0.2897,Solar,2025-12-08,2026-05-15,Approved,
EQT Marsden Park - Solar - NSW,NSW,2765.0,0.5005,Solar,2026-03-27,2026-05-15,Approved,
Geraldton Airport Microgrid - Solar - WA,WA,6532.0,0.8424,Solar,2026-04-17,2026-05-15,Approved,
Woolworths Banora Point 2641 - Solar - NSW,NSW,2486.0,0.2587,Solar,2026-04-28,2026-05-15,Approved,
Bridgewest Perth Pharma - Solar - WA,WA,6102.0,1.0004,Solar,2026-02-10,2026-05-18,Approved,
Woolworths Beechboro 4384 - Solar - WA,WA,6063.0,0.275,Solar,2026-04-30,2026-05-21,Approved,
Clean Peak Energy - Uranquinty Solar Farm - Solar - NSW,NSW,2652.0,8.2286,Solar,2025-12-05,2026-05-29,Approved,
Goorambat East Solar Farm - Solar - Vic,VIC,3725.0,319.7785,Solar,2026-02-23,2026-05-29,Approved,
Goulburn Community SF & BESS - Solar - NSW,NSW,2580.0,1.3863,Solar,2026-03-18,2026-05-29,Approved,
Melbourne Business Park & BESS - Solar w SGU - VIC,VIC,3029.0,0.705,Solar,2026-05-18,2026-05-29,Approved,
Tamworth-Solar-NSW,NSW,2340.0,7.0087,Solar,2026-03-11,2026-05-29,Approved,
WesTrac PDC South Guildford - Solar - WA,WA,6055.0,0.9955,Solar,2026-05-07,2026-05-29,Approved,
East Rockingham Resource Recovery Facility,WA,,29.0,Biomass,,,Committed,2019-12-23
Mangalore Renewable Energy Project,VIC,,5.0,Solar,,,Committed,2021-09-02
Orange Community Renewable Energy Park,NSW,,5.0,Solar,,,Committed,2022-07-24
Moorebank Logistics Park,NSW,,60.0,Solar,,,Committed,2022-09-21
Kidston Pumped Hydro Storage Project,QLD,,250.0,Hydro,,,Committed,2023-07-11
New England Solar Farm - Stage 2,NSW,,320.0,Solar,,,Committed,2023-07-24
Forest Glen Solar Farm,NSW,,90.0,Solar,,,Committed,2023-12-31
Uungula Wind Farm,NSW,,414.0,Wind,,,Committed,2024-01-11
St Ives Gold Solar Farm,WA,,77.0,Wind,,,Committed,2024-03-11
Quorn Park Solar Hybrid,NSW,,98.0,Solar,,,Committed,2024-06-14
Lotus Creek Wind Farm,QLD,,285.0,Wind,,,Committed,2024-08-15
Boulder Creek Wind Farm,QLD,,228.0,Wind,,,Committed,2024-09-27
Horsham Solar Farm,VIC,,118.8,Solar,,,Committed,2024-11-20
Goulburn River Solar Farm,NSW,,450.0,Solar,,,Committed,2024-12-17
Wambo Wind Farm Stage 2,QLD,,254.0,Wind,,,Committed,2024-12-18
Warradarge Wind Farm Stage 2,WA,,108.0,Wind,,,Committed,2024-12-23
Bungama Solar Farm (stage 3),SA,,280.0,Solar,,,Committed,2025-02-06
Maryvale Solar Farm,NSW,,172.0,Solar,,,Committed,2025-03-11
Lancaster Solar Farm,VIC,,106.0,Solar,,,Committed,2025-03-25
Fulham Solar Farm,VIC,,80.0,Solar,,,Committed,2025-04-09
Cloudbreak Solar Farm,WA,,190.0,Solar,,,Committed,2025-04-16
Port Latta Wind Farm,TAS,,25.0,Wind,,,Committed,2025-04-18
Wandoan South Solar Farm (Stage 2),QLD,,240.0,Solar,,,Committed,2025-04-29
Mulwala Solar Farm,NSW,,31.0,Solar,,,Committed,2025-06-19
Wathagar Solar NSW (Stage 2),NSW,,27.0,Solar,,,Committed,2025-07-24
King Rocks Wind Farm,WA,,105.0,Wind,,,Committed,2025-10-21
Blind Creek Solar Farm,NSW,,300.0,Solar,,,Committed,2025-11-11
Waddi Wind Farm,WA,,108.0,Wind,,,Committed,2025-12-16
Carmody's Hill Wind Farm,SA,,247.0,Wind,,,Committed,2025-12-19
Delburn Wind Farm,VIC,,205.0,Wind,,,Committed,2025-12-23
Palmer Wind Farm,SA,,288.0,Wind,,,Committed,2026-01-08
Nullagine Wind Farm,WA,,133.0,Wind,,,Committed,2026-01-15
Dunedoo Solar Farm,NSW,,55.0,Solar,,,Committed,2026-03-02
Project Helios - Phase 1,WA,,30.0,Solar,,,Committed,2026-03-04
Solomon Airport Solar Farm,WA,,440.0,Solar,,,Committed,2026-03-09
Project Jinbi Solar Farm,WA,,75.0,Solar,,,Committed,2026-05-11
Muswellbrook Solar Farm,NSW,,135.0,Solar,,,Committed,2026-05-19
Guthrie's Gap Solar Power Station,QLD,,300.0,Solar,,,Committed,2026-05-20
Smoky Creek Solar Power Station,QLD,,300.0,Solar,,,Committed,2026-05-20
Turner River Solar Hub,WA,,690.0,Solar,,,Committed,2026-05-25
Yanco Delta Wind Farm,NSW,,1500.0,Wind,,,Probable,
Baldon Wind Farm,NSW,,1400.0,Wind,,,Probable,
Bungaban Wind Farm,QLD,,1400.0,Wind,,,Probable,
Theodore Wind Farm,QLD,,1152.0,Wind,,,Probable,
Upper Calliope Solar Farm,QLD,,1100.0,Solar,,,Probable,
Bullawah Wind Farm,NSW,,1000.0,Wind,,,Probable,
Tathra Wind Farm,WA,,1000.0,Wind,,,Probable,
Valley of the Winds,NSW,,936.0,Wind,,,Probable,
Dinawan Solar Farm,NSW,,800.0,Solar,,,Probable,
Bulli Creek Solar project Stage 1,QLD,,775.0,Solar,,,Probable,
Clarke Creek Wind Farm Stage 2,QLD,,704.0,Wind,,,Probable,
Sandy Creek Solar Farm,NSW,,700.0,Solar,,,Probable,
Spicers Creek Wind Farm,NSW,,700.0,Wind,,,Probable,
Liverpool Range Wind Stage 1,NSW,,634.0,Wind,,,Probable,
Birriwa Solar and Battery Project,NSW,,600.0,Solar,,,Probable,
Hexham Wind Farm,VIC,,600.0,Wind,,,Probable,
Kentbruck Green Power Hub,VIC,,600.0,Wind,,,Probable,
Whyte Yarcowie Wind Farm,SA,,600.0,Wind,,,Probable,
Junction Rivers Wind Farm,NSW,,585.0,Wind,,,Probable,
Marri Wind Farm,WA,,550.0,Wind,,,Probable,
Tallawang Solar Farm,NSW,,500.0,Solar,,,Probable,
Yathroo Wind Farm,WA,,500.0,Wind,,,Probable,
Parron Maam Marang Farm,WA,,490.0,Wind,,,Probable,
Merino Solar Farm,NSW,,450.0,Solar,,,Probable,
Willatook Wind Farm,VIC,,450.0,Wind,,,Probable,
Corop Solar Farm,VIC,,440.0,Solar,,,Probable,
Tarong West Wind Project,QLD,,436.5,Wind,,,Probable,
Boddington Giga Energy,WA,,400.0,Solar,,,Probable,
Punchs Creek Solar Farm,QLD,,400.0,Solar,,,Probable,
Gawara Baya Wind Farm,QLD,,399.0,Wind,,,Probable,
Gundary Solar Farm,NSW,,380.0,Solar,,,Probable,
Middlebrook Solar Farm,NSW,,363.0,Solar,,,Probable,
Moah Creek Wind Farm,QLD,,360.0,Wind,,,Probable,
Dinawan Wind Farm Stage 1,NSW,,357.0,Wind,,,Probable,
Cellars Hill Wind Farm,TAS,,350.0,Wind,,,Probable,
Eurimbula Solar Farm,QLD,,350.0,Solar,,,Probable,
Killawarra Hybrid Project,WA,,350.0,Wind,,,Probable,
Mount Hopeful Wind Farm,QLD,,350.0,Wind,,,Probable,
Goyder North Wind Farm Stage 1,SA,,300.0,Wind,,,Probable,
Nowingi Solar Power Station,VIC,,300.0,Solar,,,Probable,
Port Augusta Energy Park Stage 2,SA,,300.0,Solar,,,Probable,
West Mokoan Solar Farm,VIC,,300.0,Solar,,,Probable,
Northern Midlands Solar Farm,TAS,,288.0,Solar,,,Probable,
Coppabella Wind Farm,NSW,,284.0,Wind,,,Probable,
Lower Wonga Solar Farm project,QLD,,281.0,Solar,,,Probable,
Banana Range Wind Farm,QLD,,280.0,Wind,,,Probable,
Wattle Creek Solar Farm,NSW,,265.0,Solar,,,Probable,
Kalgoorlie Regional Renewable Energy Project (Wind),WA,,256.0,Wind,,,Probable,
Bendemeer Energy Hub - Solar,NSW,,252.0,Solar,,,Probable,
Barwon Solar Farm,VIC,,250.0,Solar,,,Probable,
Gunning Solar Farm,NSW,,250.0,Solar,,,Probable,
Hopeland Solar Farm,QLD,,250.0,Solar,,,Probable,
Weasel Solar Farm,TAS,,250.0,Solar,,,Probable,
Bundey Solar Farm,SA,,240.0,Solar,,,Probable,
Kondinin Wind Farm,WA,,230.0,Wind,,,Probable,
Thunderbolt Wind Farm stage 1,NSW,,230.0,Wind,,,Probable,
Bell Bay Wind Farm,TAS,,224.0,Wind,,,Probable,
Campbells Forest Solar Farm,VIC,,205.0,Solar,,,Probable,
Narrogin Wind Farm,WA,,200.0,Wind,,,Probable,
Ganymirra Solar Power Station,QLD,,150.0,Solar,,,Probable,
Kiamal Solar Farm - Stage 2,VIC,,150.0,Solar,,,Probable,
Majors Creek Solar Farm,QLD,,150.0,Solar,,,Probable,
Kalgoorlie Regional Renewable Energy Project (Solar),WA,,138.0,Solar,,,Probable,
Elaine Solar Farm,VIC,,125.0,Solar,,,Probable,
Kidston Stage 3 Wind Project,QLD,,120.0,Wind,,,Probable,
Silverleaf Solar Farm,NSW,,120.0,Solar,,,Probable,
Willogoleche 2 Wind Farm,SA,,108.0,Wind,,,Probable,
Bullyard Solar Farm,QLD,,100.0,Solar,,,Probable,
Kayuga Solar Farm,NSW,,100.0,Solar,,,Probable,
Lakeland Wind Farm,QLD,,100.0,Wind,,,Probable,
Winton North Solar Farm,VIC,,100.0,Solar,,,Probable,
Derby Solar Farm & Battery,VIC,,95.0,Solar,,,Probable,
Moranbah Solar Farm,QLD,,90.0,Solar,,,Probable,
Frasers Solar Farm,VIC,,77.0,Solar,,,Probable,
Binningup Solar Facility,WA,,75.0,Solar,,,Probable,
Woolsthorpe Wind Farm,VIC,,70.0,Wind,,,Probable,
Collie Solar and Battery Project,WA,,66.0,Solar,,,Probable,
Barnawartha Solar Farm,VIC,,64.0,Solar,,,Probable,
Vales Point Solar Farm,NSW,,62.0,Solar,,,Probable,
Glanmire Solar Farm,NSW,,60.0,Solar,,,Probable,
Laceby Solar Farm,VIC,,60.0,Solar,,,Probable,
