facility_code,facility_name,lat,lng
ADP,Adelaide Desalination,-35.096948,138.484061
ALDGASF,Aldoga,-23.839544,151.0849
AMCORGR,Amcor Glass,-34.882663,138.577975
ANGASTON,Angaston,-34.503389,139.02458
APS,Anglesea,-38.389031,144.180589
APPIN,Appin,-34.210868,150.792711
ARWF,Ararat,-37.263393,143.082116
AVLSF,Avonlie,-34.913826,146.590545
AWABAREF,Awaba,-33.023339,151.551228
DEIBDL,Bairnsdale,-37.842918,147.563855
BAKING,Baking Board,-26.720639,150.553781
BHWF,Bald Hills,-38.746897,145.949104
BALBESS,Ballarat,-37.567603,143.919894
BBASEHOS,Ballarat Hospital,-37.558774,143.847247
BANGOWF,Bango,-34.767208,148.921499
BAPS,Banimboola,-36.534342,147.45934
BANKSPT,Bankstown Sports Club,-33.919998,151.033742
BANNSP,Bannerton,-34.687324,142.77895
BARCALDN,Barcaldine,-23.552279,145.314856
BARCSF,Barcaldine,-23.547776,145.318817
BARKIPS,Barker Inlet,-34.803695,138.523864
BARRON,Barron Gorge,-16.850852,145.646758
BASTYAN,Bastyan,-41.736045,145.532064
BAYSW,Bayswater,-32.394981,150.94949
BBDISEL1,Bell Bay,-41.127009,146.874083
BELLBAY,Bell Bay,-41.141944,146.9025
BBP31,Bell Bay Three,-41.139324,146.905522
BHBBESS,Bellambi,-32.322372,149.465006
BCBESS,Bennetts Creek,-38.259575,146.425208
BRYB1WF1,Berrybank,-37.885519,143.453446
BERWICK,Berwick,-37.940819,145.236257
BERYLSF,Beryl,-32.356446,149.470517
BIALAWF,Biala,-34.587836,149.369848
BLAYNEY,Blayney,-33.621944,149.198333
BLINDCREEK,Blind Creek,-35.18531,149.472248
SNOWY6,Blowering,-35.398563,148.246201
BLUEGSF,Blue Grass,-26.682643,150.504537
BLULAKE,Blue Lake Milling,-36.316597,140.757571
BLYTHB,Blyth,-33.848475,138.403204
BOCOROCK,Boco Rock,-36.574527,149.124863
BODWF,Bodangora,-32.414669,149.099633
BOGGABRI,Boggabri,,
MCKAY,Bogong / Mackay,-36.858282,147.234146
BOLIVAR,Bolivar,-34.495482,138.387641
BOLIVPS,Bolivar,-34.7772,138.5826
BOMENSF,Bomen,-35.046577,147.442585
BCWF,Boulder Creek,-23.669964,150.260813
BBATTERY,Bouldercombe,-23.535251,150.489057
BRAEMARA,Braemar,-27.110488,150.905683
B2PS,Braemar 2,-27.112874,150.905442
BRNDBES,Brendale,-27.329333,152.974384
BROADMDW,Broadmeadows,-37.685081,144.966114
BRDD,Broadsound,-22.810001,149.36302
BWTR1,Broadwater,-29.016483,153.445756
BHILLGT,Broken Hill,-31.986313,141.42062
BROKENH,Broken Hill,-31.987538,141.391994
BHB,Broken Hill Battery,-31.986306,141.422951
BROOKLYN,Brooklyn,-37.818597,144.828492
BROWNMT,Brown Mountain,-36.594993,149.473997
BPLANDF,Browns Plains,-27.674584,153.068499
WELLINGTONBESS,Bulabul,-32.530355,148.969343
BULGANA,Bulgana Green Power Hub,-37.039507,142.982799
BUSF,Bundaberg,-24.943515,152.020698
BNGSF1,Bungala One,-32.415846,137.841225
BNGSF2,Bungala Two,-32.415846,137.841225
BUNGAMB,Bungama,-33.191223,138.08733
BDONGHYD,Burrendong,-32.664624,149.107959
BURRIN,Burrinjuck,-35.003008,148.582864
BUTLERSG,Butlers Gorge,-42.266898,146.261823
CALBESS1,Calala 1,-31.141287,150.963101
CALBESS2,Calala 2,-31.141287,150.963101
CALL_A,Callide A,-24.333169,150.626322
CALL_B,Callide B,-24.346016,150.61856
CALLIDEC1,Callide C,-24.346016,150.61856
CANUNDA1,Canunda,-37.698303,140.383633
CAPBES,Capital,-35.338251,149.215529
CAPTL_WF,Capital,-35.123534,149.500249
CESF,Capital East,-35.180684,149.546482
CARAG,Carag,-34.937138,150.589412
CHWF1,Carmody's Hill,-33.360857,138.478203
CRWARP,Carwarp,-34.454955,142.15808
LI_WY_CA,Catagunya / Liapootah / Wayatinah,-42.376279,146.510051
CATHROCK,Cathedral Rocks,-34.848741,135.592649
CTHLWF,Cattle Hill,-42.149661,146.724045
CETHANA,Cethana,-41.480804,146.134511
CHALLWF,Challicum Hills,-37.395466,143.10459
CHPSTWF,Chepstowe,-37.596503,143.499582
CHYTWF,Cherry Tree,-37.1018,145.2656
CHILDSF,Childers,-25.305189,152.402663
CHBESS,Chinchilla,-26.918551,150.745399
CBWWBA,Christies Beach,-35.125958,138.47135
CLARESF,Clare,-19.839817,147.204884
CLRKCWF,Clarke Creek,-22.850446,149.453252
CLAYTON,Clayton,-37.950618,145.119681
CLEMGPWF,Clements Gap,-33.489773,138.111695
CLERMSF,Clermont,-22.837763,147.579322
CLOVER,Clover,-36.785257,147.220466
CLUNY,Cluny,-42.506442,146.68104
CODRGTON,Codrington,-38.282875,141.95496
COHUNSF1,Cohuna,-35.886553,144.217421
COLEASF,Coleambally,-34.762456,145.928786
COLWF01,Collector,-34.862066,149.388245
COLNSV,Collinsville,-20.543333,147.806944
CSPVPS,Collinsville,-20.541215,147.807432
COLONGRA,Colongra,-33.209801,151.544968
COLUMSF,Columboola,-26.633781,150.298894
CPSA,Condamine A,-26.668181,150.270023
CONDONG1,Condong,-28.314766,153.433808
CBWF,Coonoer Bridge,-36.415237,143.380189
COOPGWF,Coopers Gap,-26.717004,151.449177
COPTNHYD,Copeton,-29.910174,150.92348
CORIO,Corio,-38.059048,144.404905
CRWASF1,Corowa,-35.979325,146.359356
CROOKWEL,Crookwell,-34.5165,149.54248
CROOKWF2,Crookwell 2,-34.556855,149.609565
CROOKWF3,Crookwell 3,-34.484645,149.54447
CROWLWF,Crowlands,-36.97615,143.097998
CRURWF1,Crudine Ridge,-32.864748,149.81297
CULCSF,Culcairn,-35.709592,146.981761
CULLERIN,Cullerin Range,-34.809208,149.399185
DAANDINE,Daandine,-27.08615,150.942623
DALNTH,Dalrymple North,-34.933952,137.743532
DDPS1,Darling Downs,-27.116855,150.894761
DDSF,Darling Downs,-27.113797,150.879733
DARLSF,Darlington Point,-34.648971,146.061179
DPNTB,Darlington Point,-34.647016,146.035236
DARTM,Dartmouth,-36.556485,147.520456
DAYDSF,Daydream,-20.479752,147.763711
DELBURNWF,Delburn,-38.326518,146.25402
DEVILS_G,Devils Gate,-41.350513,146.263394
DIAPURWF,Diapur 2,-36.339953,141.447361
DRYCGT,Dry Creek,-34.847703,138.5816
DULAWF,Dulacca,-26.631438,149.867554
DUNDWF,Dundonnell,-37.863894,142.943454
PMATTAEP,Earthpower,-33.824397,151.042142
EASTCRK,Eastern Creek,-33.815468,150.854307
EASTCRK2,Eastern Creek 2,-33.815468,150.854307
EDENVSF,Edenvale,-26.931732,150.582727
EILDON,Eildon,-37.221982,145.921476
EILDONPD,Eildon,-37.221774,145.922582
ELAINEBESS,Elaine,-37.734648,144.010291
ELAINEWF,Elaine,-37.6352,144.0237
EMERASF,Emerald,-23.507996,148.126404
ENERGYB,Energy Brix,-38.254444,146.413611
ERARING,Eraring,-33.061039,151.51984
ERB,Eraring,-33.066837,151.515026
ERGT01,Eraring,-33.062117,151.517224
ERB2,Eraring 2,-33.066837,151.515026
FWF,Ferguson,-38.610902,143.179321
FINLEYSF,Finley,-35.648941,145.50575
FISHER,Fisher,-41.673312,146.268511
FLYCRKWF,Flyers Creek,-33.517716,149.052949
FULHAMSF,Fulham,-38.121256,146.973124
GANGARR,Gangarri,-26.270557,149.758054
GANNBESS,Gannawarra,-35.734598,143.779894
GANNSF,Gannawarra,-35.729012,143.783189
GEORGTWN,George Town,-41.091063,146.893204
GERMCRK,German Creek,-22.928526,148.549097
GIRGSF,Girgarre,-36.426125,144.922155
GSTONE,Gladstone,-23.853641,151.217515
GLBWNHYD,Glenbawn,-32.107937,150.999481
GESF,Glenellen,-35.929882,146.909107
GLENMAGG,Glenmaggie,-37.904836,146.800388
GLENNCRK,Glennies Creek,-32.459876,151.128697
GLENSF,Glenrowan,-36.464,146.221
GLRWNSF,Glenrowan West,-36.4907,146.157473
GNARWARREBESS,Gnarwarre,-38.148311,144.139484
GPWBESS,Golden Plains,,
GPWFEST,Golden Plains East,-37.9729,143.783
GPWFWST,Golden Plains West,-37.90844,143.664887
GOONUMSF,Goonumbla,-33.109212,148.092982
GOESF1,Goorambat East,-36.427352,145.918853
GORDON,Gordon,-42.740519,145.982796
GRIVSF,Goulburn River,-32.282141,150.102488
GBESS,Goyder,-33.576364,138.945737
GSWF,Goyder South,-33.682196,138.936249
GRANGEAV,Grange Avenue,-33.713011,150.83316
GRANWF,Granville Harbour,-41.778439,145.065517
GREENB,Greenbank,-27.733562,152.955042
GRIFSF,Griffith,-34.317617,146.121416
GROSV1,Grosvenor 1,-21.929194,148.032416
GROSV2,Grosvenor 2,-21.929194,148.032416
GULLRGWF,Gullen Range,-34.615245,149.45808
GNNDHSF,Gunnedah,-30.937263,150.344174
GUNNING,Gunning,-34.691531,149.373013
GUSF,Gunsynd,-28.408388,150.343437
SNOWY3,Guthega,-36.350097,148.413602
GGAP,Guthrie's Gap,-24.04787,150.396092
HLMSEW01,Hallam,-38.143332,145.119964
HALAMRD,Hallam Road,-38.052181,145.267798
AGLHAL,Hallett,-33.349528,138.751607
HALLETTB,Hallett,-33.346318,138.749818
HALLWF,Hallett 1,-33.328434,138.704669
HALLWF2,Hallett 2,-33.53821,138.857215
HAMISF,Hamilton,-20.496081,147.738803
HAMPTON,Hampton,-33.649722,150.05
HVWW,Happy Valley,-35.063118,138.56476
HASTING,Hastings,-38.295952,145.221926
HAUGHT1,Haughton,-19.750134,147.048103
HD1WF,Hawkesdale,-38.148008,142.360925
HAYMSF,Hayman,-20.510097,147.755711
HAZEL,Hazelwood,-38.270575,146.389794
HBESS,Hazelwood BESS,-38.267845,146.390293
HEPWIND,Hepburn,-37.424555,144.115711
HIGHBRY,Highbury,,
HILLSTN,Hillston Sun,-33.531624,145.52242
HORNSDAL,Hornsdale,-33.05982,138.537673
HORNSDAL2,Hornsdale 2,-33.05982,138.537673
HORNSDAL3,Hornsdale 3,-33.05982,138.537673
HORNSDPR,Hornsdale Power Reserve,-33.086389,138.518659
HORSHAMSF,Horsham,-36.71577,142.25956
HUGSF,Hughenden,-20.85484,144.186257
HUMENSW,Hume,-36.106639,147.032526
HUMEV,Hume,-36.106887,147.032572
HUNTER,Hunter,-32.793406,151.478353
HEZ,Hunter Economic Zone,-32.835481,151.451033
HUNTVGT,Hunter Valley,-32.389989,150.965963
INVICTA,Invicta Sugar Mill,-19.520476,147.107439
ICSM,Isis Central Sugar Mill,-25.197619,152.206949
JACKSGUL,Jacks Gully,-34.072955,150.743691
JEERA,Jeeralang A,-38.275046,146.425572
JEERB,Jeeralang B,-38.273845,146.424827
JEMALNG1,Jemalong,-33.409099,147.655008
JNDSHPS,Jindabyne,-36.434918,148.63057
SNWYGJP2,Jindabyne Pump At Guthega,-36.434918,148.63057
JBUTTERS,John Butters,-42.154894,145.534508
JOUNAMA,Jounama,-35.562015,148.305493
JUNEESF,Junee,-34.814929,147.572334
KABANWF,Kaban,-17.560606,145.413125
KARSF,Karadoc,-34.411851,142.250443
KAREEYA,Kareeya,-17.767013,145.577993
KEEPIT,Keepit,-30.87868,150.491876
AGLSITA,Kemps Creek,-33.874591,150.761858
KENNEDY,Kennedy Energy Park,-20.872792,144.413034
KERNGSP,Kerang,-35.779895,143.941051
KIAMSF1,Kiamal,-35.021508,142.297971
KIATAWF,Kiata,-36.397288,141.747394
KIDSTON,Kidston,-18.865892,144.15955
KSP1,Kidston,-18.889381,144.14246
KINCUMB,Kincumber,-33.477111,151.402603
KINGASF,Kingaroy,-26.537087,151.890398
KOGANCK,Kogan Creek,-26.915285,150.748948
KOOLKHAN,Koolkhan,,
KOOLUNGA,Koolunga,-33.601986,138.358214
KESS1,Koorangie,-35.735367,143.754813
KRCCOGEN,KRC Cogen,-27.57359,151.926883
LADBROKE,Ladbroke Grove,-37.456341,140.782163
LBBESS,Lake Bonney,-37.738979,140.38681
LKBONNY1,Lake Bonney,-37.760504,140.405541
LKBONNY_2,Lake Bonney 2,-37.760504,140.405541
LKBONNY3,Lake Bonney 3,-37.760504,140.405541
LK_ECHO,Lake Echo,-42.253643,146.620627
LANCSF,Lancaster,-36.290467,145.141535
LVES,Latrobe Valley,-38.258183,146.418614
LNGS,Laverton North,-37.841703,144.788796
LEM_WIL,Lemonthyme / Wilmot,-41.603738,146.13894
LDBESS,Liddell,-32.37564,150.978578
LIDDELL,Liddell,-32.369027,150.980112
LILYVASF,Lilyvale,-23.084225,148.425994
LCNBESS,Limestone Coast North,-37.733181,140.840805
LIMBESS,Limondale,-34.769354,143.559464
LIMOSF1,Limondale,-34.771747,143.500494
LIMOSF2,Limondale 2,-34.775502,143.508046
LGAPWF1,Lincoln Gap,-32.564612,137.557203
LOCKHART,Lockhart,-35.217506,146.70322
LONGFORD,Longford,-38.223244,147.1631
LRSF,Longreach,-23.446178,144.35918
LONSDALE,Lonsdale,-35.109703,138.490992
LOTUSCRKWF,Lotus Creek,-22.366535,149.27332
LW,Lower Wonga,-26.100338,152.450424
LOYYANGA,Loy Yang A,-38.253534,146.574459
LOYYB,Loy Yang B,-38.256446,146.584982
LUCASHGT,Lucas Heights,-34.04829,150.973916
LUCAS2S2,Lucas Heights 2,-34.044088,150.972475
MACARTH,Macarthur,-38.043483,142.179081
MCINTYR,MacIntyre,-28.2163,152.0327
MACKAY,Mackay,-21.144595,149.158876
MACKNTSH,Mackintosh,-41.69974,145.646154
MANSLR,Manildra,-33.172681,148.718175
MANNUMB,Mannum,-34.917537,139.262695
MANNSF,Mannum 2,-34.9144,139.2681
MAPS2,Mannum Pumping Station,-34.854044,139.189749
MAROOWF1,Maroona,-37.41875,142.82434
MARYRSF,Maryrorough,-27.708611,151.546202
MARYVALE,Maryvale,-32.465112,148.913306
MEADOWBK,Meadowbank,-42.611178,146.845687
MREH,Melbourne A1,-37.661157,144.726292
MREHA2,Melbourne A2,-37.663934,144.726927
MREHA3,Melbourne A3,-37.663819,144.726859
METZSF,Metz N,-30.515484,151.859815
MIDDLSF1,Middlemount,-22.823243,148.718008
MIDLDPS,Midlands,-42.085747,147.274558
MILLMERN,Millmerran,-27.961319,151.277699
MINTARO,Mintaro,-33.903056,138.738162
MOKOSF,Mokoan,-36.489246,146.128325
MOLNGSF1,Molong,-33.08981,148.912255
MOORAWF1,Moorabool,-37.739433,144.171985
MORANBAH,Moranbah,-21.962469,148.006004
MBAHNTH,Moranbah North,-21.978481,148.004809
MOREESF,Moree,-29.569066,149.866721
MWPS,Morganwhyalla Pipeline,-33.97382,139.193756
MORNBESS,Mornington,-38.268707,145.204823
MORNW,Mornington Disposal,-38.392054,144.854791
MLB,Mortlake,-38.06698,142.669466
MORTLK,Mortlake,-38.063237,142.668677
MRTLSWF,Mortlake South,-38.146832,142.853134
MLWF,Mortons Lane,-37.833186,142.465288
MOUSF,Moura,-24.515007,150.087256
MEWF,Mt Emerald,-17.133248,145.380037
MTGELWF,Mt Gellibrand,-38.258519,143.802037
MTMERCER,Mt Mercer,-37.831791,143.888681
MTMILLAR,Mt Millar,-33.62534,136.703771
MP,Mt Piper,-33.358121,150.032642
MSTUART,Mt Stuart,-19.337807,146.850916
MLLFGEF,Mugga Lane,-35.395092,149.145414
MLSP,Mugga Lane,-35.399485,149.1454
MULWASF,Mulwala,-35.958258,146.007893
MM,Munmorah,-33.211781,151.542161
MUCRKSF,Munna Creek,-25.882106,152.459626
MUWAWF,Murra Warra,-36.438821,142.246003
MURRAY,Murray,-36.24683,148.1902
MBPS2,Murray Bridge-Onkaparinga,-35.096848,139.209527
MUSSELRO,Musselroe,-40.780012,148.010283
MUSWELLBROOK,Muswellbrook,-32.251183,150.946782
NASF,Narromine,-32.220895,148.255308
NEVERSF,Nevertire,-31.822603,147.703086
NEWENSF,New England,-30.627323,151.556425
NESBESS1,New England 1,-30.626481,151.616
NESBESS2,New England 2,-30.626481,151.616
NEWPORT,Newport,-37.841423,144.894923
NBHWF,North Brown Hill,-33.228116,138.716888
NORTHGT,Northern,,
NORTHP,Northern,-32.5429,137.7874
NUMURKSF,Numurkah,-36.161038,145.476491
NYNGAN,Nyngan,-31.555475,147.08622
OAKEY,Oakey,-27.418268,151.680205
OAKEY2SF,Oakey 2,-27.402454,151.642576
OAKEY1SF,Oakey Solar Farm,-27.410516,151.652849
OAKLAND,Oaklands Hill,-37.681514,142.552322
OCPS,Oaky Creek,-23.048717,148.484462
OAKY2,Oaky Creek 2,-23.048717,148.484462
ORABESS,Orana,-32.530421,148.962923
OSBORNE,Osborne,-34.797702,138.50779
PALMERWF,Palmer,-34.815865,139.118654
PALOONA,Paloona,-41.282674,146.249036
PSF,Parkes,-33.117567,148.078825
PEDLER,Pedler Creek,-35.202388,138.501214
NPPPPS,Pelican Point,-34.765325,138.505402
PPBESS,Pelican Point,-34.765891,138.504806
PIBESS,Phillip Island,-38.483293,145.22488
PINDARI,Pindari,-29.388034,151.244774
PLBESS,Pine Lodge,-36.364749,145.531561
PIONEER,Pioneer Sugar Mill,-19.557546,147.330825
PLAYF,Playford B,-32.538886,137.781822
PTINA,Poatina,-41.811531,146.919117
PAREPW,Port Augusta Energy Park,-32.595609,137.885629
PLWF,Port Latta,-40.871168,145.357293
PORTLATT,Port Latta,-40.857362,145.384824
PORTLCN,Port Lincoln,-34.700389,135.804384
STANVAC,Port Stanvac,-35.110332,138.49135
PORTWF,Portland,-38.361417,141.38456
QUARANTN,Quarantine,-34.779339,138.522883
QUERIVER,Que River,-41.610502,145.544305
QBYNB,Queanbeyan,-35.339311,149.215101
QP,Quorn Park,-33.079517,148.089521
RACOMIL,Racecourse Mill,-21.163842,149.135738
RANGEB,Rangebank,-38.085056,145.259936
REDBANK1,Redbank,-32.58,151.072
REECE,Reece,-41.723739,145.136012
RPBESS,Reeves Plains,-34.502918,138.614457
REMOUNT,Remount,-41.398447,147.1495
REPULSE,Repulse,-42.507691,146.647
RIVERINASF,Riverina,-34.309852,146.105225
RESS,Riverina 1,-34.646349,146.035015
RIVNB,Riverina 2,-34.646349,146.035015
ROCHEDAL,Rochedale,-27.555798,153.123155
RPCG,Rocky Point Cogen,-27.733564,153.326464
EDLRGNRD,Roghan Road,-27.342062,153.049494
ROMA,Roma,-26.577126,148.84009
RRSF,Ross River,-19.42622,146.715299
ROWALLAN,Rowallan,-41.729547,146.217649
ROYALLA,Royalla,-35.489826,149.142704
RUBICON,Rubicon,-37.292453,145.818202
RUGBYR,Rugby Run,-22.142401,147.928736
RYANCWF,Ryan Corner,-38.271156,142.14003
RYEPARK,Rye Park,-34.63317,148.95364
SALTCRK,Salt Creek,-37.930719,142.773524
SAPHWF1,Sapphire,-29.710273,151.44558
SEBSF,Sebastopol,-34.609386,147.557888
SHEP1,Shepparton,-36.322223,145.379291
SHOALHAV,Shoalhaven,-34.733085,150.4667
SHOAL,Shoalhaven Starches,-34.8547,150.6138
STWF,Silverton,-31.86095,141.296349
SITHE,Smithfield,-33.849945,150.94941
SMTHBES1,Smithfield,-33.849972,150.947448
SMOKY,Smoky Creek,-24.120592,150.504411
SNAPPER,Snapper Point,-34.764433,138.508149
SNOWTOWN,Snowtown,-33.691598,138.166022
SNOWNTH,Snowtown North,-33.756479,138.143043
SNOWSTH,Snowtown South,-33.862624,138.130367
SNOWY4,Snowy,,
SNOWY5,Snowy,,
SNOWY20,Snowy 2.0,-35.745207,148.653852
SNUG,Snuggery,-37.664996,140.414686
AGLSOM,Somerton,-37.631692,144.952802
SKSF,South Keswick,-32.272801,148.659285
STHBKTEC,Southbank Institute Of Technology,-27.480589,153.020999
SVALE,Springvale,-37.973375,145.139695
STGEORGE,St George Leagues Club,-33.974819,151.129354
SLDCBLK,St Leonards Data Centre,-41.440151,147.174429
STABESS,Stanwell,-23.513568,150.31811
STANWELL,Stanwell,-23.507452,150.313355
STAPYLTON,Stapylton,-27.736111,153.245931
STARFHILL,Starfish Hill,-35.578983,138.139653
STOCKYD,Stockyard Hill,-37.53568,143.252548
STUBSF,Stubbo,-32.26254,149.589068
SMFBESS1,Summerfield 1,-34.9538,139.21502
SMFBESS2,Summerfield 2,-34.958457,139.2099
SMCSF,Sun Metals,-19.332335,146.875929
SUNCOAST,Suncoast Gold Macadamias,,
SUNRSF1,Sunraysia,-34.804891,143.491185
VALDORA,Sunshine Coast,-26.560094,153.02574
SUNTPSF,Suntop,-32.583514,148.826931
SNB1,Supernode,-27.458521,153.111745
SUPERNODE2,Supernode 2,-27.449227,153.112538
SNB3,Supernode 3,-27.447731,153.113869
SRSF,Susan River,-25.419331,152.741687
SWANBBF,Swanbank,-27.65619,152.817139
SWAN_B,Swanbank B,-27.655286,152.818644
SWAN_E,Swanbank E,-27.655138,152.817933
TABMILL2,Tableland Mill,-17.119813,145.34513
TAHMOOR,Tahmoor,-34.249117,150.577718
TBSF,Tailem Bend,-35.271346,139.488379
TB2SF,Tailem Bend 2,-35.28,139.49
TBBESS3,Tailem Bend 3,-35.271112,139.487793
TALLAWAR,Tallawarra,-34.522808,150.807237
TALWB,Tallawarra B,-34.522808,150.807237
TVCCPS,Tamar Valley,-41.140348,146.904872
TARALGA,Taralga,-34.431428,149.865258
TARBESS,Tarong,-26.780561,151.910086
TARONG,Tarong,-26.784086,151.914537
TARONGN,Tarong North,-26.774391,151.914007
TARRALEA,Tarraleah,-42.301224,146.457294
TATIARA,Tataria,-36.326977,140.737035
TATURA,Tatura,-36.47915,145.235037
TEATREE,Tea Tree Gully,,
TEMPB,Templers,-34.46293,138.764848
SATGN,Temporary Generation North,-34.719707,138.668425
SATGS,Temporary Generation South,-35.096799,138.483997
TERALBA,Teralba,-32.945557,151.612042
TERANGBESS,Terang,-38.231839,142.933262
TERMSTOR,Terminal,-34.84014,138.712137
BLUFF,The Bluff,-33.367741,138.79379
THEDROP,The Drop,-35.973527,145.999274
TILBSF,Tilbuster,-30.382963,151.658909
TIMWEST,Timboon West,-38.528351,142.916231
TOMAGOBESS,Tomago,-32.814277,151.706523
TOORAWF,Toora,-38.653258,146.340154
TIB,Torrens Island,-34.802305,138.520262
TORRIS,Torrens Island,-34.80651,138.523127
TOWER,Tower,-34.219461,150.718012
YABULU,Townsville,-19.20127,146.618573
TGNSS,Traralgon Network Support,-37.833513,144.965955
TREVALLN,Trevallyn,-41.42262,147.111785
TRIBUTE,Tribute,-41.815832,145.650178
TULLYSM,Tully Sugar Mill,-17.937329,145.92739
SNOWY2,Tumut,-35.952003,148.367255
TUMUT3,Tumut 3,-35.611138,148.29175
TUNGATIN,Tungatinah,-42.296802,146.456568
ULBESS,Ulinda Park,-26.92635,150.717472
URANQ,Uranquinty,-35.180061,147.21567
UUNGULAWF,Uungula,-32.551969,149.161325
VP,Vales Point B,-33.16078,151.543985
VPGS,Valley Power Peaking,-38.253709,146.588886
TITREE,Veolia Ti Tree,-27.695551,152.650313
VICMILL,Victoria Mill,-18.650208,146.200866
VBB,Victorian Big Battery,-38.038278,144.290383
WAGGNSF,Wagga North,-35.070575,147.438807
WLWLSF,Walla Walla,-35.747397,146.96666
WW,Wallerawang,-33.403889,150.084444
WALGRV,Wallgrove,-33.813917,150.830827
WAMBOWF,Wambo,-26.603045,151.246876
WANDSF,Wandoan,-26.248848,149.765988
WANDBG,Wandoan South,-26.261526,149.765738
WNSF,Wangaratta,-36.326757,146.359901
WTAHB,Waratah Super Battery,-33.209781,151.544911
WG,Warragamba,-33.882862,150.596954
WARWSF,Warwick,-28.183037,152.071764
WATERLWF,Waterloo,-34.001298,138.91088
WPWF,Wattle Point,-35.110379,137.705789
WAUBRAWF,Waubra,-37.357446,143.603659
WELLSF1,Wellington,-32.5207,148.9675
WELNSF,Wellington North,-32.514353,148.957634
WEMENSF1,Wemen,-34.799853,142.547621
WESTILLA,West Illawarra Leagues Club,-34.451645,150.843037
WKIEWA,West Kiewa,-36.759974,147.185812
AGLNOW1,West Nowra,-34.882318,150.551075
WSTWYSF,West Wyalong,-33.809655,147.325015
WDBESS,Western Downs,-26.952278,150.690528
WDGPH,Western Downs,-26.955534,150.67862
WDBESS2,Western Downs 2,-26.951989,150.694141
WDBESS3,Western Downs 3,-26.952008,150.694188
WESTCBT,Western Suburbs League Club,-34.051073,150.832757
WRSF1,White Rock Solar Farm,-29.764429,151.553007
WRWF1,White Rock Wind Farm,-29.7718,151.5755
WHITSF,Whitsunday,-20.492712,147.756358
WHIT1,Whitwood Road,-27.620454,152.824409
WILGAPK,Wilga Park,-30.363284,149.677422
WILGAPKB,Wilga Park B,-30.363284,149.677422
WILLHOV,William Hovel,-36.925216,146.389418
0WDBESS,Williamsdale,-35.57458,149.131993
WGWF,Willogoleche,-33.413128,138.845663
NINEWIL,Willoughby,-33.810858,151.196599
WINDHILL,Windy Hill,-17.590399,145.52968
WINGF1,Wingfield,-34.835138,138.548949
WINGF2,Wingfield 2,-34.835138,138.548949
WINTSF1,Winton,-36.503538,146.124102
0WNSF,Winton North,-36.499717,146.114153
WIVENHOE,Wivenhoe,-27.372417,152.63203
WIVENSH,Wivenhoe,-27.394592,152.609237
WOLARSF,Wollar,-32.407631,149.940737
WOLLERT,Wollert,-37.591792,145.043033
WONWP,Wonthaggi,-38.60513,145.546292
WDLNGN,Woodlawn,-35.05928,149.5749
WOODLWN,Woodlawn,-35.081675,149.570511
WOOLNTH1,Woolnorth,-40.786606,144.738536
WOOLGSF,Woolooga,-26.075843,152.437448
WOORBESS,Wooreen,-38.27376,146.427729
WOYWOY,Woy Woy,-33.506914,151.291606
WUNUSF,Wunghnu,-36.164387,145.403731
WYASF,Wyalong,-33.887269,147.315314
WYANGALA,Wyangala A,-33.968824,148.948823
WYANGALB,Wyangala B,-33.968824,148.948823
WYNDW,Wyndham,-37.935372,144.5898
YALLOURN,Yallourn W,-38.177589,146.342556
YSWF,Yaloak South,-37.716474,144.241947
YAMBUK,Yambuk,-38.305278,142.018439
YARANSF,Yarranlea,-27.709261,151.533038
YWNGAHYD,Yarrawonga,-36.009466,145.999568
YARWUN,Yarwun,-23.8309,151.151136
YATSF1,Yatpool,-34.396363,142.173809
YAWWF,Yawong,-36.471022,143.361722
YENDONWF,Yendon,-37.630407,144.023136
